domain,label,Academia,Industry,diff
Design & experience,Dark patterns,80.8,28.6,52.2
Design & experience,User trust & safety,69.2,50,19.2
Design & experience,Harms & benefits,65.4,57.1,8.3
Design & experience,Who is playing,42.3,14.3,28
Design & experience,Long-term effects,38.5,57.1,-18.6
Design & experience,Social connection & community,38.5,64.3,-25.8
Design & experience,Supportive mechanics,38.5,21.4,17.1
Design & experience,Creativity & innovation,34.6,50,-15.4
Design & experience,Accessibility,26.9,42.9,-16
Design & experience,"Diversity, equity, inclusion (DEI)",23.1,21.4,1.7
Design & experience,Motivations,23.1,50,-26.9
Design & experience,Families & children,15.4,28.6,-13.2
Design & experience,Cheating,3.8,14.3,-10.5
Research & data,Industry-academic data sharing,84.6,85.7,-1.1
Research & data,Funding & infrastructure,80.8,71.4,9.4
Research & data,Interdisciplinary work,76.9,64.3,12.6
Research & data,Open data & transparency,73.1,64.3,8.8
Research & data,Qualitative & mixed-method research,69.2,64.3,4.9
Research & data,Theory development,61.5,78.6,-17.1
Research & data,Sector-wide collaboration,53.8,71.4,-17.6
Response & governance,Dark patterns (regulatory perspective),73.1,28.6,44.5
Response & governance,Data sharing & transparency,61.5,57.1,4.4
Response & governance,Child safety & protection,57.7,57.1,0.6
Response & governance,Regulation & enforcement,53.8,35.7,18.1
Response & governance,Sector-wide collaboration,53.8,78.6,-24.8
Response & governance,Corporate social responsibility & labour practices,46.2,42.9,3.3
Response & governance,Monopolisation and platform power,46.2,50,-3.8
Response & governance,Player perspectives in governance,46.2,50,-3.8
Response & governance,Self-regulation & co-regulation,34.6,64.3,-29.7
Response & governance,Artificial intelligence (AI),26.9,35.7,-8.8
