sector,domain,label,n_top5,n_valid,pct_top5,note
Academia,Design & experience,Dark patterns,21,26,80.8,
Academia,Design & experience,User trust & safety,18,26,69.2,
Academia,Design & experience,Harms & benefits,17,26,65.4,
Academia,Design & experience,Who is playing,11,26,42.3,
Academia,Design & experience,Long-term effects,10,26,38.5,
Academia,Design & experience,Social connection & community,10,26,38.5,
Academia,Design & experience,Supportive mechanics,10,26,38.5,
Academia,Design & experience,Creativity & innovation,9,26,34.6,
Academia,Design & experience,Accessibility,7,26,26.9,
Academia,Design & experience,"Diversity, equity, inclusion (DEI)",6,26,23.1,
Academia,Design & experience,Motivations,6,26,23.1,
Academia,Design & experience,Families & children,4,26,15.4,
Academia,Design & experience,Cheating,1,26,3.8,
Civil society,Design & experience,Families & children,4,5,80, (small N - unstable)
Civil society,Design & experience,Harms & benefits,4,5,80, (small N - unstable)
Civil society,Design & experience,User trust & safety,4,5,80, (small N - unstable)
Civil society,Design & experience,Long-term effects,3,5,60, (small N - unstable)
Civil society,Design & experience,Social connection & community,3,5,60, (small N - unstable)
Civil society,Design & experience,Dark patterns,2,5,40, (small N - unstable)
Civil society,Design & experience,Supportive mechanics,2,5,40, (small N - unstable)
Civil society,Design & experience,Accessibility,1,5,20, (small N - unstable)
Civil society,Design & experience,"Diversity, equity, inclusion (DEI)",1,5,20, (small N - unstable)
Civil society,Design & experience,Who is playing,1,5,20, (small N - unstable)
Industry,Design & experience,Social connection & community,9,14,64.3,
Industry,Design & experience,Harms & benefits,8,14,57.1,
Industry,Design & experience,Long-term effects,8,14,57.1,
Industry,Design & experience,Creativity & innovation,7,14,50,
Industry,Design & experience,Motivations,7,14,50,
Industry,Design & experience,User trust & safety,7,14,50,
Industry,Design & experience,Accessibility,6,14,42.9,
Industry,Design & experience,Dark patterns,4,14,28.6,
Industry,Design & experience,Families & children,4,14,28.6,
Industry,Design & experience,"Diversity, equity, inclusion (DEI)",3,14,21.4,
Industry,Design & experience,Supportive mechanics,3,14,21.4,
Industry,Design & experience,Cheating,2,14,14.3,
Industry,Design & experience,Who is playing,2,14,14.3,
Other,Design & experience,User trust & safety,5,5,100, (small N - unstable)
Other,Design & experience,Dark patterns,4,5,80, (small N - unstable)
Other,Design & experience,Who is playing,3,5,60, (small N - unstable)
Other,Design & experience,Families & children,2,5,40, (small N - unstable)
Other,Design & experience,Harms & benefits,2,5,40, (small N - unstable)
Other,Design & experience,Motivations,2,5,40, (small N - unstable)
Other,Design & experience,Supportive mechanics,2,5,40, (small N - unstable)
Other,Design & experience,Accessibility,1,5,20, (small N - unstable)
Other,Design & experience,Creativity & innovation,1,5,20, (small N - unstable)
Other,Design & experience,"Diversity, equity, inclusion (DEI)",1,5,20, (small N - unstable)
Other,Design & experience,Long-term effects,1,5,20, (small N - unstable)
Other,Design & experience,Social connection & community,1,5,20, (small N - unstable)
Policy/gov,Design & experience,Long-term effects,3,4,75, (small N - unstable)
Policy/gov,Design & experience,Who is playing,3,4,75, (small N - unstable)
Policy/gov,Design & experience,Accessibility,2,4,50, (small N - unstable)
Policy/gov,Design & experience,Dark patterns,2,4,50, (small N - unstable)
Policy/gov,Design & experience,Harms & benefits,2,4,50, (small N - unstable)
Policy/gov,Design & experience,Motivations,2,4,50, (small N - unstable)
Policy/gov,Design & experience,User trust & safety,2,4,50, (small N - unstable)
Policy/gov,Design & experience,Creativity & innovation,1,4,25, (small N - unstable)
Policy/gov,Design & experience,"Diversity, equity, inclusion (DEI)",1,4,25, (small N - unstable)
Policy/gov,Design & experience,Social connection & community,1,4,25, (small N - unstable)
Policy/gov,Design & experience,Supportive mechanics,1,4,25, (small N - unstable)
Academia,Research & data,Industry-academic data sharing,22,26,84.6,
Academia,Research & data,Funding & infrastructure,21,26,80.8,
Academia,Research & data,Interdisciplinary work,20,26,76.9,
Academia,Research & data,Open data & transparency,19,26,73.1,
Academia,Research & data,Qualitative & mixed-method research,18,26,69.2,
Academia,Research & data,Theory development,16,26,61.5,
Academia,Research & data,Sector-wide collaboration,14,26,53.8,
Civil society,Research & data,Sector-wide collaboration,5,5,100, (small N - unstable)
Civil society,Research & data,Industry-academic data sharing,4,5,80, (small N - unstable)
Civil society,Research & data,Qualitative & mixed-method research,4,5,80, (small N - unstable)
Civil society,Research & data,Funding & infrastructure,3,5,60, (small N - unstable)
Civil society,Research & data,Interdisciplinary work,3,5,60, (small N - unstable)
Civil society,Research & data,Open data & transparency,3,5,60, (small N - unstable)
Civil society,Research & data,Theory development,3,5,60, (small N - unstable)
Industry,Research & data,Industry-academic data sharing,12,14,85.7,
Industry,Research & data,Theory development,11,14,78.6,
Industry,Research & data,Funding & infrastructure,10,14,71.4,
Industry,Research & data,Sector-wide collaboration,10,14,71.4,
Industry,Research & data,Interdisciplinary work,9,14,64.3,
Industry,Research & data,Open data & transparency,9,14,64.3,
Industry,Research & data,Qualitative & mixed-method research,9,14,64.3,
Other,Research & data,Industry-academic data sharing,4,4,100, (small N - unstable)
Other,Research & data,Open data & transparency,4,4,100, (small N - unstable)
Other,Research & data,Sector-wide collaboration,4,4,100, (small N - unstable)
Other,Research & data,Funding & infrastructure,3,4,75, (small N - unstable)
Other,Research & data,Interdisciplinary work,3,4,75, (small N - unstable)
Other,Research & data,Qualitative & mixed-method research,1,4,25, (small N - unstable)
Other,Research & data,Theory development,1,4,25, (small N - unstable)
Policy/gov,Research & data,Industry-academic data sharing,3,3,100, (small N - unstable)
Policy/gov,Research & data,Open data & transparency,3,3,100, (small N - unstable)
Policy/gov,Research & data,Qualitative & mixed-method research,3,3,100, (small N - unstable)
Policy/gov,Research & data,Theory development,3,3,100, (small N - unstable)
Policy/gov,Research & data,Interdisciplinary work,2,3,66.7, (small N - unstable)
Policy/gov,Research & data,Funding & infrastructure,1,3,33.3, (small N - unstable)
Academia,Response & governance,Dark patterns (regulatory perspective),19,26,73.1,
Academia,Response & governance,Data sharing & transparency,16,26,61.5,
Academia,Response & governance,Child safety & protection,15,26,57.7,
Academia,Response & governance,Regulation & enforcement,14,26,53.8,
Academia,Response & governance,Sector-wide collaboration,14,26,53.8,
Academia,Response & governance,Corporate social responsibility & labour practices,12,26,46.2,
Academia,Response & governance,Monopolisation and platform power,12,26,46.2,
Academia,Response & governance,Player perspectives in governance,12,26,46.2,
Academia,Response & governance,Self-regulation & co-regulation,9,26,34.6,
Academia,Response & governance,Artificial intelligence (AI),7,26,26.9,
Civil society,Response & governance,Child safety & protection,5,5,100, (small N - unstable)
Civil society,Response & governance,Dark patterns (regulatory perspective),4,5,80, (small N - unstable)
Civil society,Response & governance,Regulation & enforcement,3,5,60, (small N - unstable)
Civil society,Response & governance,Sector-wide collaboration,3,5,60, (small N - unstable)
Civil society,Response & governance,Self-regulation & co-regulation,3,5,60, (small N - unstable)
Civil society,Response & governance,Artificial intelligence (AI),2,5,40, (small N - unstable)
Civil society,Response & governance,Monopolisation and platform power,2,5,40, (small N - unstable)
Civil society,Response & governance,Corporate social responsibility & labour practices,1,5,20, (small N - unstable)
Civil society,Response & governance,Data sharing & transparency,1,5,20, (small N - unstable)
Civil society,Response & governance,Player perspectives in governance,1,5,20, (small N - unstable)
Industry,Response & governance,Sector-wide collaboration,11,14,78.6,
Industry,Response & governance,Self-regulation & co-regulation,9,14,64.3,
Industry,Response & governance,Child safety & protection,8,14,57.1,
Industry,Response & governance,Data sharing & transparency,8,14,57.1,
Industry,Response & governance,Monopolisation and platform power,7,14,50,
Industry,Response & governance,Player perspectives in governance,7,14,50,
Industry,Response & governance,Corporate social responsibility & labour practices,6,14,42.9,
Industry,Response & governance,Artificial intelligence (AI),5,14,35.7,
Industry,Response & governance,Regulation & enforcement,5,14,35.7,
Industry,Response & governance,Dark patterns (regulatory perspective),4,14,28.6,
Other,Response & governance,Child safety & protection,4,5,80, (small N - unstable)
Other,Response & governance,Data sharing & transparency,4,5,80, (small N - unstable)
Other,Response & governance,Regulation & enforcement,4,5,80, (small N - unstable)
Other,Response & governance,Dark patterns (regulatory perspective),3,5,60, (small N - unstable)
Other,Response & governance,Player perspectives in governance,3,5,60, (small N - unstable)
Other,Response & governance,Corporate social responsibility & labour practices,2,5,40, (small N - unstable)
Other,Response & governance,Sector-wide collaboration,2,5,40, (small N - unstable)
Other,Response & governance,Self-regulation & co-regulation,2,5,40, (small N - unstable)
Other,Response & governance,Monopolisation and platform power,1,5,20, (small N - unstable)
Policy/gov,Response & governance,Child safety & protection,3,3,100, (small N - unstable)
Policy/gov,Response & governance,Data sharing & transparency,3,3,100, (small N - unstable)
Policy/gov,Response & governance,Artificial intelligence (AI),2,3,66.7, (small N - unstable)
Policy/gov,Response & governance,Dark patterns (regulatory perspective),2,3,66.7, (small N - unstable)
Policy/gov,Response & governance,Regulation & enforcement,2,3,66.7, (small N - unstable)
Policy/gov,Response & governance,Monopolisation and platform power,1,3,33.3, (small N - unstable)
Policy/gov,Response & governance,Player perspectives in governance,1,3,33.3, (small N - unstable)
Policy/gov,Response & governance,Self-regulation & co-regulation,1,3,33.3, (small N - unstable)
